{
  "dataset": {
    "train_rows": 930490,
    "val_rows": 199391,
    "test_rows": 199391,
    "positive_rate": 0.2161481711812469
  },
  "models": {
    "logistic_regression": {
      "label_kr": "로지스틱 회귀 (전통적 모델)",
      "auc": 0.6972014008784553,
      "ks": 0.28659157328642315,
      "average_precision": 0.3846335821821505,
      "accuracy": 0.6634602364198986,
      "f1": 0.437409348145043,
      "positive_rate": 0.2161481711812469
    },
    "xgboost": {
      "label_kr": "XGBoost (그래디언트 부스팅)",
      "auc": 0.7228895341400348,
      "ks": 0.3228866606034851,
      "average_precision": 0.41505536028823586,
      "accuracy": 0.7900155974943703,
      "f1": 0.19092156370171404,
      "positive_rate": 0.2161481711812469
    },
    "llm_qwen3_14b": {
      "label_kr": "Qwen3-14B QLoRA (LLM, v2 r=16)",
      "status": "measured_beats_baseline",
      "auc": 0.7628,
      "ks": 0.42,
      "average_precision": null,
      "accuracy": null,
      "f1": null,
      "positive_rate": 0.5,
      "evaluated_samples": 100,
      "eval_note": "v2 재학습(50k / LoRA r=16,α32 / step-2500) 어댑터를 라이브 Cloud Run GPU(L4)에서 균형표본 100건(50/50) 실측. 부실확률 분포 0.04~0.55(spread 0.51)로 변별력이 크게 향상 — 로지스틱(0.697)·XGBoost(0.723)를 모두 능가. (v1 r=8/10k 은 AUC 0.640 이었음. 표본 100건이라 ±0.05 내외 불확실, 다른 모델은 전체 테스트셋 199k 기준.)"
    }
  },
  "comparison_vs_baseline": {
    "xgboost_auc_delta": 0.025688133261579482,
    "xgboost_auc_pct_improvement": 3.684463804750408,
    "xgboost_ks_delta": 0.036295087317061936,
    "xgboost_ks_pct_improvement": 12.664394455446246,
    "xgboost_ap_delta": 0.030421778106085373,
    "xgboost_ap_pct_improvement": 7.909288090107163,
    "target_min_auc_delta": 0.05,
    "target_min_relative_improvement_pct": 10.0,
    "meets_10pct_goal_by_ks": true,
    "meets_10pct_goal_by_ap": false,
    "meets_5pct_absolute_auc_goal": false,
    "llm_auc_delta": 0.0655985991215447,
    "llm_auc_pct_improvement": 9.41,
    "llm_ks_delta": 0.13340842671357685,
    "llm_meets_goal": true,
    "llm_note": "v2 LLM(AUC 0.763 / KS 0.420)은 로지스틱(0.697)·XGBoost(0.723)를 모두 능가. AUC 절대 +0.066(>0.05 목표 달성), KS +0.133. v2 재학습(50k/r=16) 효과. (라이브 100건 실측, ±0.05 불확실.)"
  }
}