{
  "dataset": {
    "train_rows": 930490,
    "val_rows": 199391,
    "test_rows": 199391,
    "positive_rate": 0.2161481711812469
  },
  "models": {
    "logistic_regression": {
      "label_kr": "로지스틱 회귀 (전통적 모델)",
      "auc": 0.6972014008784553,
      "ks": 0.28659157328642315,
      "average_precision": 0.3846335821821505,
      "accuracy": 0.6634602364198986,
      "f1": 0.437409348145043,
      "positive_rate": 0.2161481711812469
    },
    "xgboost": {
      "label_kr": "XGBoost (그래디언트 부스팅)",
      "auc": 0.7228895341400348,
      "ks": 0.3228866606034851,
      "average_precision": 0.41505536028823586,
      "accuracy": 0.7900155974943703,
      "f1": 0.19092156370171404,
      "positive_rate": 0.2161481711812469
    },
    "llm_qwen3_14b": {
      "label_kr": "Qwen3-14B QLoRA (LLM, 실측·베이스라인 미만)",
      "status": "measured_below_baseline",
      "auc": 0.6403156565656566,
      "ks": 0.25762626262626265,
      "average_precision": null,
      "accuracy": null,
      "f1": null,
      "positive_rate": 0.5,
      "evaluated_samples": 398,
      "eval_note": "라이브 Cloud Run GPU(L4)에서 부실/정상 균형표본 398건(199/199) 실측. 부실확률 분포 0.13~0.40(spread 0.26)로 약한 구분력은 있으나 경량 학습(1 epoch/10k/r=8)으로 전통 모델 미만. 다른 모델 수치는 전체 테스트셋(199k) 기준이라 표본 크기 차이 유의."
    }
  },
  "comparison_vs_baseline": {
    "xgboost_auc_delta": 0.025688133261579482,
    "xgboost_auc_pct_improvement": 3.684463804750408,
    "xgboost_ks_delta": 0.036295087317061936,
    "xgboost_ks_pct_improvement": 12.664394455446246,
    "xgboost_ap_delta": 0.030421778106085373,
    "xgboost_ap_pct_improvement": 7.909288090107163,
    "target_min_auc_delta": 0.05,
    "target_min_relative_improvement_pct": 10.0,
    "meets_10pct_goal_by_ks": true,
    "meets_10pct_goal_by_ap": false,
    "meets_5pct_absolute_auc_goal": false,
    "llm_auc_delta": -0.0568857443127987,
    "llm_auc_pct_improvement": -8.159,
    "llm_meets_goal": false,
    "llm_note": "LLM(0.640)은 로지스틱(0.697)·XGBoost(0.723) 대비 낮음. 표 데이터에서 경량 QLoRA LLM이 GBM을 능가하지 못함(README 한계 4 참조)."
  }
}